state;country
A Coruña;spain
Alicante;spain
Albacete;spain
Almería;spain
Asturias;spain
Ávila;spain
Badajoz;spain
Barcelona;spain
Bizkaia;spain
Burgos;spain
Cáceres;spain
Cádiz;spain
Cantabria;spain
Castellón;spain
Ceuta;spain
Ciudad Real;spain
Córdoba;spain
Cuenca;spain
Gipuzkoa;spain
Girona;spain
Granada;spain
Guadalajara;spain
Huelva;spain
Huesca;spain
Islas Baleares;spain
Jaén;spain
La Rioja;spain
Las Palmas;spain
León;spain
Lleida;spain
Lugo;spain
Madrid;spain
Málaga;spain
Melilla;spain
Murcia;spain
Navarra;spain
Ourense;spain
Palencia;spain
Pontevedra;spain
Salamanca;spain
Segovia;spain
Sevilla;spain
Soria;spain
Sta. Cruz de Tenerife;spain
Tarragona;spain
Teruel;spain
Toledo;spain
Valéncia;spain
Valladolid;spain
Zamora;spain
Zaragoza;spain
